{
  "mockpreview": {
    "mockUri": "/sap/opu/odata/sap/ZHR_ANNUAL_PROPERTY_SRV",
    "metadataFilePath": "",
    "loadJSONFiles": false,
    "loadCustomRequests": false,
    "mockRequestsFilePath": ""
  },
  "deploy": {
    "destination": "FND",
    "name": "ZHR_ANPROP_APPR"
  },
  "projectType": [
    "sap.watt.uitools.ide.fiori",
    "com.watt.common.builder.sapui5clientbuild"
  ],
  "build": {
    "buildRequired": false,
    "targetFolder": "dist",
    "lastBuildDateTime": "Thu, 07 Nov 2024 06:38:31 GMT"
  },
  "generation": [
    {
      "templateId": "ui5template.basicSAPUI5ApplicationComponent",
      "templateVersion": "1.4.0",
      "dateTimeStamp": "Wed, 14 Dec 2022 07:29:52 GMT"
    },
    {
      "templateId": "servicecatalog.connectivityComponent",
      "templateVersion": "0.0.0",
      "dateTimeStamp": "Wed, 17 Jan 2024 14:06:02 GMT"
    }
  ]
}