{
    "resources": [
        {
            "name": ".project.json"
        },
        {
            "name": "localService/metadata.xml"
        },
        {
            "name": "localService/ZHR_ANNUAL_PROPERTY_SRV/metadata.xml"
        },
        {
            "name": "localService/ZHR_ANNUAL_PROPERTY_APPROVER_SRV/metadata.xml"
        },
        {
            "name": "model/models.js"
        },
        {
            "name": "model/filter.fragment.xml"
        },
        {
            "name": "Component.js"
        },
        {
            "name": "index.html"
        },
        {
            "name": "resources.json",
            "merged": true
        },
        {
            "name": "css/style.css"
        },
        {
            "name": "neo-app.json"
        },
        {
            "name": "Component-preload.js",
            "merged": true
        },
        {
            "name": "controller/FirstView.controller.js"
        },
        {
            "name": "controller/View1.controller.js"
        },
        {
            "name": "controller/Formatter.js"
        },
        {
            "name": "i18n/i18n.properties",
            "raw": "i18n/i18n.properties"
        },
        {
            "name": "view/FirstView.view.xml"
        },
        {
            "name": "view/View1.view.xml"
        },
        {
            "name": ".user.project.json"
        },
        {
            "name": "manifest.json"
        }
    ]
}