<core:FragmentDefinition xmlns="sap.m" xmlns:core="sap.ui.core">
	<ViewSettingsDialog confirm="handleFilterDialogConfirm">
		<filterItems>
			<ViewSettingsFilterItem text="Status" key="Status" multiSelect="false">
				<items>
					<ViewSettingsItem text="Approved" key="Status___EQ___4"/>
					<ViewSettingsItem text="Cancellation Requested" key="Status___EQ___8"/>
					<ViewSettingsItem text="Submitted" key="Status___EQ___2"/>
					<ViewSettingsItem text="Cancellation Approved" key="Status___EQ___9"/>
					<ViewSettingsItem text="Rejected" key="Status___EQ___5"/>
					
				</items>
			</ViewSettingsFilterItem>
			<!--<ViewSettingsFilterItem text="Emp" key="EmpId" multiSelect="false"/>-->
		</filterItems>
	</ViewSettingsDialog>
</core:FragmentDefinition>