<edmx:Edmx
    xmlns:edmx="http://schemas.microsoft.com/ado/2007/06/edmx"
    xmlns:m="http://schemas.microsoft.com/ado/2007/08/dataservices/metadata"
    xmlns:sap="http://www.sap.com/Protocols/SAPData" Version="1.0">
    <edmx:DataServices m:DataServiceVersion="2.0">
        <Schema
            xmlns="http://schemas.microsoft.com/ado/2008/09/edm" Namespace="ZHR_ANNUAL_PROPERTY_SRV" xml:lang="en" sap:schema-version="1">
            <EntityType Name="Annual_Property" sap:content-version="1">
                <Key>
                    <PropertyRef Name="UserId"/>
                </Key>
                <Property Name="UserId" Type="Edm.String" Nullable="false" MaxLength="12" sap:unicode="false" sap:label="User Id" sap:creatable="false" sap:updatable="false" sap:sortable="false" sap:filterable="false"/>
                <Property Name="Pernr" Type="Edm.String" Nullable="false" MaxLength="8" sap:unicode="false" sap:label="Personnel No." sap:creatable="false" sap:updatable="false" sap:sortable="false" sap:filterable="false"/>
                <Property Name="RefNumber" Type="Edm.String" Nullable="false" MaxLength="12" sap:unicode="false" sap:label="Character Field of Length 12" sap:creatable="false" sap:updatable="false" sap:sortable="false" sap:filterable="false"/>
                <Property Name="ApproverEmpid" Type="Edm.String" Nullable="false" MaxLength="8" sap:unicode="false" sap:label="Personnel No." sap:creatable="false" sap:updatable="false" sap:sortable="false" sap:filterable="false"/>
                <Property Name="EmpName" Type="Edm.String" Nullable="false" MaxLength="40" sap:unicode="false" sap:label="Empl./appl.name" sap:creatable="false" sap:updatable="false" sap:sortable="false" sap:filterable="false"/>
                <Property Name="EmpDesig" Type="Edm.String" Nullable="false" MaxLength="100" sap:unicode="false" sap:label="Employee Designation" sap:creatable="false" sap:updatable="false" sap:sortable="false" sap:filterable="false"/>
                <Property Name="EmpDoj" Type="Edm.String" Nullable="false" MaxLength="10" sap:unicode="false" sap:label="DOJ" sap:creatable="false" sap:updatable="false" sap:sortable="false" sap:filterable="false"/>
                <Property Name="ScaleOfPay" Type="Edm.String" Nullable="false" MaxLength="50" sap:unicode="false" sap:label="Scale of Pay" sap:creatable="false" sap:updatable="false" sap:sortable="false" sap:filterable="false"/>
                <Property Name="PrsntBasicSlry" Type="Edm.String" Nullable="false" MaxLength="30" sap:unicode="false" sap:label="Present Basic Salary" sap:creatable="false" sap:updatable="false" sap:sortable="false" sap:filterable="false"/>
                <Property Name="PropertyDescriIp" Type="Edm.String" Nullable="false" MaxLength="100" sap:unicode="false" sap:label="Property Description" sap:creatable="false" sap:updatable="false" sap:sortable="false" sap:filterable="false"/>
                <Property Name="TentativeDateIp" Type="Edm.String" Nullable="false" MaxLength="10" sap:unicode="false" sap:label="Tentative Date" sap:creatable="false" sap:updatable="false" sap:sortable="false" sap:filterable="false"/>
                <Property Name="CompleteAddrIp" Type="Edm.String" Nullable="false" MaxLength="100" sap:unicode="false" sap:label="Complete Address" sap:creatable="false" sap:updatable="false" sap:sortable="false" sap:filterable="false"/>
                <Property Name="OwnershipPerIp" Type="Edm.String" Nullable="false" MaxLength="50" sap:unicode="false" sap:label="Ownership % of the employee" sap:creatable="false" sap:updatable="false" sap:sortable="false" sap:filterable="false"/>
                <Property Name="MoaPsgmlIp" Type="Edm.String" Nullable="false" MaxLength="100" sap:unicode="false" sap:label="Mode of Acquistion dispose" sap:creatable="false" sap:updatable="false" sap:sortable="false" sap:filterable="false"/>
                <Property Name="TentativePurIp" Type="Edm.String" Nullable="false" MaxLength="30" sap:unicode="false" sap:label="Tentative purchase price of the property" sap:creatable="false" sap:updatable="false" sap:sortable="false" sap:filterable="false"/>
                <Property Name="SourceIp" Type="Edm.String" Nullable="false" MaxLength="500" sap:unicode="false" sap:label="Source or Sources from which financed/proposed to be finance" sap:creatable="false" sap:updatable="false" sap:sortable="false" sap:filterable="false"/>
                <Property Name="RefNumDateIp" Type="Edm.String" Nullable="false" MaxLength="100" sap:unicode="false" sap:label="Reference number and date incase of permission taken" sap:creatable="false" sap:updatable="false" sap:sortable="false" sap:filterable="false"/>
                <Property Name="PartyNameAddIp" Type="Edm.String" Nullable="false" MaxLength="100" sap:unicode="false" sap:label="Party name and address" sap:creatable="false" sap:updatable="false" sap:sortable="false" sap:filterable="false"/>
                <Property Name="RelPartyEmpIp" Type="Edm.String" Nullable="false" MaxLength="100" sap:unicode="false" sap:label="Relation between part and employee in the interest" sap:creatable="false" sap:updatable="false" sap:sortable="false" sap:filterable="false"/>
                <Property Name="DetailsDealerIp" Type="Edm.String" Nullable="false" MaxLength="100" sap:unicode="false" sap:label="Details of Dealer in case of transaction made by him" sap:creatable="false" sap:updatable="false" sap:sortable="false" sap:filterable="false"/>
                <Property Name="AnyOtherFactsIp" Type="Edm.String" Nullable="false" MaxLength="100" sap:unicode="false" sap:label="Any other facts which employee wish to declare" sap:creatable="false" sap:updatable="false" sap:sortable="false" sap:filterable="false"/>
                <Property Name="PropertyDescriIs" Type="Edm.String" Nullable="false" MaxLength="100" sap:unicode="false" sap:label="Property Description" sap:creatable="false" sap:updatable="false" sap:sortable="false" sap:filterable="false"/>
                <Property Name="TentativeDateIs" Type="Edm.String" Nullable="false" MaxLength="10" sap:unicode="false" sap:label="Tentative Date" sap:creatable="false" sap:updatable="false" sap:sortable="false" sap:filterable="false"/>
                <Property Name="CompleteAddrIs" Type="Edm.String" Nullable="false" MaxLength="100" sap:unicode="false" sap:label="Complete Address" sap:creatable="false" sap:updatable="false" sap:sortable="false" sap:filterable="false"/>
                <Property Name="OwnershipPerIs" Type="Edm.String" Nullable="false" MaxLength="50" sap:unicode="false" sap:label="Ownership % of the employee" sap:creatable="false" sap:updatable="false" sap:sortable="false" sap:filterable="false"/>
                <Property Name="MoaPsgmlIs" Type="Edm.String" Nullable="false" MaxLength="100" sap:unicode="false" sap:label="Mode of Acquistion dispose" sap:creatable="false" sap:updatable="false" sap:sortable="false" sap:filterable="false"/>
                <Property Name="TentativePurIs" Type="Edm.String" Nullable="false" MaxLength="30" sap:unicode="false" sap:label="Tentative purchase price of the property" sap:creatable="false" sap:updatable="false" sap:sortable="false" sap:filterable="false"/>
                <Property Name="SourceIs" Type="Edm.String" Nullable="false" MaxLength="500" sap:unicode="false" sap:label="Source or Sources from which financed/proposed to be finance" sap:creatable="false" sap:updatable="false" sap:sortable="false" sap:filterable="false"/>
                <Property Name="RefNumDateIs" Type="Edm.String" Nullable="false" MaxLength="100" sap:unicode="false" sap:label="Reference number and date incase of permission taken" sap:creatable="false" sap:updatable="false" sap:sortable="false" sap:filterable="false"/>
                <Property Name="PartyNameAddIs" Type="Edm.String" Nullable="false" MaxLength="100" sap:unicode="false" sap:label="Party name and address" sap:creatable="false" sap:updatable="false" sap:sortable="false" sap:filterable="false"/>
                <Property Name="RelPartyEmpIs" Type="Edm.String" Nullable="false" MaxLength="100" sap:unicode="false" sap:label="Relation between part and employee in the interest" sap:creatable="false" sap:updatable="false" sap:sortable="false" sap:filterable="false"/>
                <Property Name="DetailsDealerIs" Type="Edm.String" Nullable="false" MaxLength="100" sap:unicode="false" sap:label="Details of Dealer in case of transaction made by him" sap:creatable="false" sap:updatable="false" sap:sortable="false" sap:filterable="false"/>
                <Property Name="AnyOtherFactsIs" Type="Edm.String" Nullable="false" MaxLength="100" sap:unicode="false" sap:label="Any other facts which employee wish to declare" sap:creatable="false" sap:updatable="false" sap:sortable="false" sap:filterable="false"/>
                <Property Name="PropertyDescriMs" Type="Edm.String" Nullable="false" MaxLength="100" sap:unicode="false" sap:label="Property Description" sap:creatable="false" sap:updatable="false" sap:sortable="false" sap:filterable="false"/>
                <Property Name="TentativeDateMs" Type="Edm.String" Nullable="false" MaxLength="10" sap:unicode="false" sap:label="Tentative Date" sap:creatable="false" sap:updatable="false" sap:sortable="false" sap:filterable="false"/>
                <Property Name="MakeModelMs" Type="Edm.String" Nullable="false" MaxLength="100" sap:unicode="false" sap:label="Make Model" sap:creatable="false" sap:updatable="false" sap:sortable="false" sap:filterable="false"/>
                <Property Name="PurchasePriceMs" Type="Edm.String" Nullable="false" MaxLength="100" sap:unicode="false" sap:label="Purchase price of the property with documentary proof" sap:creatable="false" sap:updatable="false" sap:sortable="false" sap:filterable="false"/>
                <Property Name="SourceMs" Type="Edm.String" Nullable="false" MaxLength="500" sap:unicode="false" sap:label="Source or Sources from which financed/proposed to be finance" sap:creatable="false" sap:updatable="false" sap:sortable="false" sap:filterable="false"/>
                <Property Name="RefNumDateMs" Type="Edm.String" Nullable="false" MaxLength="100" sap:unicode="false" sap:label="Reference number and date incase of permission taken" sap:creatable="false" sap:updatable="false" sap:sortable="false" sap:filterable="false"/>
                <Property Name="PartyNameAddMs" Type="Edm.String" Nullable="false" MaxLength="100" sap:unicode="false" sap:label="Party name and address" sap:creatable="false" sap:updatable="false" sap:sortable="false" sap:filterable="false"/>
                <Property Name="RelPartyEmpMs" Type="Edm.String" Nullable="false" MaxLength="100" sap:unicode="false" sap:label="Relation between part and employee in the interest" sap:creatable="false" sap:updatable="false" sap:sortable="false" sap:filterable="false"/>
                <Property Name="DetailsDealerMs" Type="Edm.String" Nullable="false" MaxLength="100" sap:unicode="false" sap:label="Details of Dealer in case of transaction made by him" sap:creatable="false" sap:updatable="false" sap:sortable="false" sap:filterable="false"/>
                <Property Name="AnyOtherFactsMs" Type="Edm.String" Nullable="false" MaxLength="100" sap:unicode="false" sap:label="Any other facts which employee wish to declare" sap:creatable="false" sap:updatable="false" sap:sortable="false" sap:filterable="false"/>
                <Property Name="PropertyDescriMp" Type="Edm.String" Nullable="false" MaxLength="100" sap:unicode="false" sap:label="Property Description" sap:creatable="false" sap:updatable="false" sap:sortable="false" sap:filterable="false"/>
                <Property Name="TentativeDateMp" Type="Edm.String" Nullable="false" MaxLength="10" sap:unicode="false" sap:label="Tentative Date" sap:creatable="false" sap:updatable="false" sap:sortable="false" sap:filterable="false"/>
                <Property Name="MakeModelMp" Type="Edm.String" Nullable="false" MaxLength="100" sap:unicode="false" sap:label="Make Model" sap:creatable="false" sap:updatable="false" sap:sortable="false" sap:filterable="false"/>
                <Property Name="PurchasePriceMp" Type="Edm.String" Nullable="false" MaxLength="100" sap:unicode="false" sap:label="Purchase price of the property with documentary proof" sap:creatable="false" sap:updatable="false" sap:sortable="false" sap:filterable="false"/>
                <Property Name="SourceMp" Type="Edm.String" Nullable="false" MaxLength="500" sap:unicode="false" sap:label="Source or Sources from which financed/proposed to be finance" sap:creatable="false" sap:updatable="false" sap:sortable="false" sap:filterable="false"/>
                <Property Name="SourceMpMime" Type="Edm.String" Nullable="false" MaxLength="100" sap:unicode="false" sap:label="Source MP Mimetype" sap:creatable="false" sap:updatable="false" sap:sortable="false" sap:filterable="false"/>
                <Property Name="SourceMpContent" Type="Edm.Binary" Nullable="false" sap:unicode="false" sap:label="Binary String" sap:creatable="false" sap:updatable="false" sap:sortable="false" sap:filterable="false"/>
                <Property Name="RefNumDateMp" Type="Edm.String" Nullable="false" MaxLength="100" sap:unicode="false" sap:label="Reference number and date incase of permission taken" sap:creatable="false" sap:updatable="false" sap:sortable="false" sap:filterable="false"/>
                <Property Name="PartyNameAddMp" Type="Edm.String" Nullable="false" MaxLength="100" sap:unicode="false" sap:label="Party name and address" sap:creatable="false" sap:updatable="false" sap:sortable="false" sap:filterable="false"/>
                <Property Name="RelPartyEmpMp" Type="Edm.String" Nullable="false" MaxLength="100" sap:unicode="false" sap:label="Relation between part and employee in the interest" sap:creatable="false" sap:updatable="false" sap:sortable="false" sap:filterable="false"/>
                <Property Name="DetailsDealerMp" Type="Edm.String" Nullable="false" MaxLength="100" sap:unicode="false" sap:label="Details of Dealer in case of transaction made by him" sap:creatable="false" sap:updatable="false" sap:sortable="false" sap:filterable="false"/>
                <Property Name="AnyOtherFactsMp" Type="Edm.String" Nullable="false" MaxLength="100" sap:unicode="false" sap:label="Any other facts which employee wish to declare" sap:creatable="false" sap:updatable="false" sap:sortable="false" sap:filterable="false"/>
                <Property Name="Status" Type="Edm.String" Nullable="false" MaxLength="20" sap:unicode="false" sap:label="Status" sap:creatable="false" sap:updatable="false" sap:sortable="false" sap:filterable="false"/>
                <Property Name="Zindicator" Type="Edm.String" Nullable="false" MaxLength="100" sap:unicode="false" sap:label="Indicator" sap:creatable="false" sap:updatable="false" sap:sortable="false" sap:filterable="false"/>
                <Property Name="Zdate" Type="Edm.String" Nullable="false" MaxLength="10" sap:unicode="false" sap:label="Date" sap:creatable="false" sap:updatable="false" sap:sortable="false" sap:filterable="false"/>
            </EntityType>
            <EntityType Name="File" m:HasStream="true" sap:content-version="1">
                <Key>
                    <PropertyRef Name="FileName"/>
                </Key>
                <Property Name="FileName" Type="Edm.String" Nullable="false" sap:unicode="false" sap:creatable="false" sap:updatable="false" sap:sortable="false" sap:filterable="false"/>
            </EntityType>
            <EntityContainer Name="ZHR_ANNUAL_PROPERTY_SRV_Entities" m:IsDefaultEntityContainer="true" sap:supported-formats="atom json xlsx">
                <EntitySet Name="Annual_PropertySet" EntityType="ZHR_ANNUAL_PROPERTY_SRV.Annual_Property" sap:creatable="false" sap:deletable="false" sap:pageable="false" sap:content-version="1"/>
                <EntitySet Name="FileSet" EntityType="ZHR_ANNUAL_PROPERTY_SRV.File" sap:creatable="false" sap:updatable="false" sap:deletable="false" sap:pageable="false" sap:addressable="false" sap:content-version="1"/>
            </EntityContainer>
            <atom:link
                xmlns:atom="http://www.w3.org/2005/Atom" rel="self" href="http://dashboard.Nmdc.co.in:8961/sap/opu/odata/sap/ZHR_ANNUAL_PROPERTY_SRV/$metadata"/>
                <atom:link
                    xmlns:atom="http://www.w3.org/2005/Atom" rel="latest-version" href="http://dashboard.Nmdc.co.in:8961/sap/opu/odata/sap/ZHR_ANNUAL_PROPERTY_SRV/$metadata"/>
                </Schema>
            </edmx:DataServices>
        </edmx:Edmx>