<edmx:Edmx
    xmlns:edmx="http://schemas.microsoft.com/ado/2007/06/edmx"
    xmlns:m="http://schemas.microsoft.com/ado/2007/08/dataservices/metadata"
    xmlns:sap="http://www.sap.com/Protocols/SAPData" Version="1.0">
    <edmx:DataServices m:DataServiceVersion="2.0">
        <Schema
            xmlns="http://schemas.microsoft.com/ado/2008/09/edm" Namespace="ZHR_ANNUAL_PROPERTY_SRV" xml:lang="en" sap:schema-version="1">
            <EntityType Name="Annual_Property" sap:content-version="1">
                <Key>
                    <PropertyRef Name="Employee_ID"/>
                </Key>
                <Property Name="Employee_ID" Type="Edm.String" Nullable="false" MaxLength="10" sap:unicode="false" sap:label="Character Field with Length 10" sap:creatable="false" sap:updatable="false" sap:sortable="false" sap:filterable="false"/>
                <Property Name="Employee_Name" Type="Edm.String" Nullable="false" MaxLength="100" sap:unicode="false" sap:label="Character 100" sap:creatable="false" sap:updatable="false" sap:sortable="false" sap:filterable="false"/>
                <Property Name="Designation" Type="Edm.String" Nullable="false" MaxLength="30" sap:unicode="false" sap:label="Char20" sap:creatable="false" sap:updatable="false" sap:sortable="false" sap:filterable="false"/>
                <Property Name="Doj" Type="Edm.String" Nullable="false" MaxLength="10" sap:unicode="false" sap:label="Character Field with Length 10" sap:creatable="false" sap:updatable="false" sap:sortable="false" sap:filterable="false"/>
                <Property Name="Payscale" Type="Edm.String" Nullable="false" MaxLength="30" sap:unicode="false" sap:label="Char20" sap:creatable="false" sap:updatable="false" sap:sortable="false" sap:filterable="false"/>
                <Property Name="Basic_Pay" Type="Edm.String" Nullable="false" MaxLength="30" sap:unicode="false" sap:label="Char20" sap:creatable="false" sap:updatable="false" sap:sortable="false" sap:filterable="false"/>
            </EntityType>
            <EntityContainer Name="ZHR_ANNUAL_PROPERTY_SRV_Entities" m:IsDefaultEntityContainer="true" sap:supported-formats="atom json xlsx">
                <EntitySet Name="Annual_PropertySet" EntityType="ZHR_ANNUAL_PROPERTY_SRV.Annual_Property" sap:creatable="false" sap:updatable="false" sap:deletable="false" sap:pageable="false" sap:content-version="1"/>
            </EntityContainer>
            <atom:link
                xmlns:atom="http://www.w3.org/2005/Atom" rel="self" href="http://dashboard.Nmdc.co.in:8961/sap/opu/odata/sap/ZHR_ANNUAL_PROPERTY_SRV/$metadata"/>
                <atom:link
                    xmlns:atom="http://www.w3.org/2005/Atom" rel="latest-version" href="http://dashboard.Nmdc.co.in:8961/sap/opu/odata/sap/ZHR_ANNUAL_PROPERTY_SRV/$metadata"/>
                </Schema>
            </edmx:DataServices>
        </edmx:Edmx>