{
    "resources": [
        {
            "name": "manifest.json"
        },
        {
            "name": "Fragments/profile.fragment.xml"
        },
        {
            "name": "Fragments/filter.fragment.xml"
        },
        {
            "name": "Fragments/newbutton.fragment.xml"
        },
        {
            "name": "Fragments/ActionSheet.fragment.xml"
        },
        {
            "name": "index.html"
        },
        {
            "name": "css/style.css"
        },
        {
            "name": "i18n/i18n.properties",
            "raw": "i18n/i18n.properties"
        },
        {
            "name": "view/View1.view.xml"
        },
        {
            "name": "view/Priorview.view.xml"
        },
        {
            "name": "view/PriorViewApproved.view.xml"
        },
        {
            "name": "view/postview.view.xml"
        },
        {
            "name": "view/PriorListView.view.xml"
        },
        {
            "name": "view/preapprove.view.xml"
        },
        {
            "name": "view/MovPur.view.xml"
        },
        {
            "name": "view/MovSal.view.xml"
        },
        {
            "name": "model/models.js"
        },
        {
            "name": "Component.js"
        },
        {
            "name": "localService/metadata.xml"
        },
        {
            "name": "controller/preapprove.controller.js"
        },
        {
            "name": "controller/MovPur.controller.js"
        },
        {
            "name": "controller/Priorview.controller.js"
        },
        {
            "name": "controller/postview.controller.js"
        },
        {
            "name": "controller/Formatter.js"
        },
        {
            "name": "controller/PriorListView.controller.js"
        },
        {
            "name": "controller/MovSal.controller.js"
        },
        {
            "name": "controller/PriorViewApproved.controller.js"
        },
        {
            "name": "controller/View1.controller.js"
        },
        {
            "name": "Component-preload.js",
            "merged": true
        },
        {
            "name": "neo-app.json"
        }
    ]
}